<?xml version="1.0" encoding="UTF-8"?>
<!DOCTYPE mapper PUBLIC "-//mybatis.org//DTD Mapper 3.0//EN" "http://mybatis.org/dtd/mybatis-3-mapper.dtd">
<mapper namespace="com.xxxx.yeb.mapper.AdminRoleMapper">

    <!-- 通用查询映射结果 -->
    <resultMap id="BaseResultMap" type="com.xxxx.yeb.pojo.AdminRole">
        <id column="id" property="id"/>
        <result column="adminId" property="adminId"/>
        <result column="rid" property="rid"/>
    </resultMap>

    <!-- 通用查询结果列 -->
    <sql id="Base_Column_List">
        id, adminId, rid
    </sql>

    <!-- 根据角色id查询角色下是否存在用户 -->
    <select id="selectByRid" resultType="com.xxxx.yeb.pojo.AdminRole">
        SELECT
        <include refid="Base_Column_List"/>
        FROM
        t_admin_role
        WHERE
        rid =#{rid}
    </select>

</mapper>
