<?xml version="1.0" encoding="UTF-8"?>
<!DOCTYPE mapper PUBLIC "-//mybatis.org//DTD Mapper 3.0//EN" "http://mybatis.org/dtd/mybatis-3-mapper.dtd">
<mapper namespace="com.xxxx.yeb.mapper.JoblevelMapper">

    <!-- 通用查询映射结果 -->
    <resultMap id="BaseResultMap" type="com.xxxx.yeb.pojo.Joblevel">
        <id column="id" property="id"/>
        <result column="name" property="name"/>
        <result column="titleLevel" property="titleLevel"/>
        <result column="createDate" property="createDate"/>
        <result column="enabled" property="enabled"/>
    </resultMap>

    <!-- 通用查询结果列 -->
    <sql id="Base_Column_List">
        id, name, titleLevel, createDate, enabled
    </sql>

    <select id="selectIdByName" parameterType="String" resultType="java.lang.Integer">
       SELECT id
       FROM t_joblevel
       where name = #{name}
    </select>


    <select id="selectJoblevelById" resultType="com.xxxx.yeb.pojo.Joblevel">
        select
        id,name
        from
        t_joblevel
        where
        id = #{id}
    </select>

</mapper>
