<?xml version="1.0" encoding="UTF-8"?>
<!DOCTYPE mapper PUBLIC "-//mybatis.org//DTD Mapper 3.0//EN" "http://mybatis.org/dtd/mybatis-3-mapper.dtd">
<mapper namespace="com.xxxx.yeb.mapper.MenuMapper">

	<!-- 通用查询映射结果 -->
	<resultMap id="BaseResultMap" type="com.xxxx.yeb.pojo.Menu">
		<id column="id" property="id"/>
		<result column="url" property="url"/>
		<result column="path" property="path"/>
		<result column="component" property="component"/>
		<result column="name" property="name"/>
		<result column="iconCls" property="iconCls"/>
		<result column="keepAlive" property="keepAlive"/>
		<result column="requireAuth" property="requireAuth"/>
		<result column="parentId" property="parentId"/>
		<result column="enabled" property="enabled"/>
	</resultMap>

	<resultMap id="Menus" type="com.xxxx.yeb.pojo.Menu" extends="BaseResultMap">
		<collection property="children" ofType="com.xxxx.yeb.pojo.Menu">
			<id column="id2" property="id"/>
			<result column="url2" property="url"/>
			<result column="path2" property="path"/>
			<result column="component2" property="component"/>
			<result column="name2" property="name"/>
			<result column="iconCls2" property="iconCls"/>
			<result column="keepAlive2" property="keepAlive"/>
			<result column="requireAuth2" property="requireAuth"/>
			<result column="parentId2" property="parentId"/>
			<result column="enabled2" property="enabled"/>
		</collection>
	</resultMap>

	<resultMap id="MenuWithRole" type="com.xxxx.yeb.pojo.Menu" extends="BaseResultMap">
		<collection property="roles" ofType="com.xxxx.yeb.pojo.Role">
			<id column="rid" property="id"/>
			<result column="rname" property="name"/>
			<result column="rnameZh" property="nameZh"/>
		</collection>
	</resultMap>

	<!-- 通用查询结果列 -->
	<sql id="Base_Column_List">
        id, url, path, component, name, iconCls, keepAlive, requireAuth, parentId, enabled
    </sql>


    <!-- 根据用户id查询菜单 -->
    <select id="getMenusByAdminId" resultMap="Menus">
        SELECT
          m1.*,
          m2.id AS id2,
          m2.url AS url2,
          m2.path AS path2,
          m2.component AS component2,
          m2.`name` AS name2,
          m2.iconCls AS iconCls2,
          m2.keepAlive AS keepAlive2,
          m2.requireAuth AS requireAuth2,
          m2.parentId AS parentId2,
          m2.enabled AS enabled2
        FROM
          t_menu m1,
          t_menu m2,
          t_menu_role mr,
          t_admin_role ar
        WHERE
          m1.id = m2.parentId
          AND m2.id = mr.mid
          AND mr.rid = ar.rid
          AND ar.adminId = #{id}
        ORDER BY m1.id
    </select>
    <!-- 根据角色id查询菜单 -->
    <select id="getMenusById" resultType="java.util.Map">
        SELECT
            m2.id AS id,
	        m2.`name` AS name,
        CASE
		WHEN IFNULL( m2.id, 0 ) = 0 THEN
		"" ELSE "true"
	END AS checked
        FROM
            t_menu m1,
            t_menu m2,
            t_menu_role mr
        WHERE
            m1.id = m2.parentId
            AND m2.id = mr.mid
            AND m2.enabled = 1
            AND mr.rid = #{rid}
        ORDER BY
            m1.id
    </select>



		<!-- 查询菜单角色 -->
    <select id="getMenusWithRole" resultMap="MenuWithRole">
			SELECT
				m.*,
				r.id AS rid,
				r.`name` AS rname,
				r.nameZh AS rnameZh
			FROM
				t_menu m,
				t_menu_role mr,
				t_role r
			WHERE
				m.id = mr.mid
				AND mr.rid = r.id
			ORDER BY
				m.id
    </select>

    <!-- 查询菜单角色 -->
    <select id="selectByParentId" resultMap="MenuWithRole">
			SELECT
	            tm.name
            FROM
                t_role tr,
                t_menu_role tmr,
                t_menu tm
            WHERE
                tr.id = tmr.rid
                AND tmr.mid = tm.id
                AND tr.id = #{rid}
    </select>

    <!--查询所有menus-->
    <select id="getAllMenus" resultMap="Menus">
        SELECT
        m1.*,
        m2.id AS id2,
        m2.url AS url2,
        m2.path AS path2,
        m2.component AS component2,
        m2.`name` AS name2,
        m2.iconCls AS iconCls2,
        m2.keepAlive AS keepAlive2,
        m2.requireAuth AS requireAuth2,
        m2.parentId AS parentId2,
        m2.enabled AS enabled2
        FROM
        t_menu m1,
        t_menu m2,
        t_menu_role mr,
        t_admin_role ar
        WHERE
        m1.id = m2.parentId
        AND m2.id = mr.mid
        AND mr.rid = ar.rid
        AND m2.`enabled` = TRUE
        <if test="id != null and id !=''">
            AND ar.adminId = #{id}
        </if>
        ORDER BY m1.id
    </select>

    <!-- 根据角色id查询mid，用于前台数据回显默认选中的权限 -->
    <select id="getMidsByRid" resultType="java.lang.Integer">
        select mid from t_menu_role where rid=#{rid};
    </select>

</mapper>